,User,Compound
0,@BBC,0.173069
1,@CBS,0.3335879999999999
2,@CNN,-0.03079300000000002
3,@FoxNews,0.11043200000000003
4,@nytimes,-0.007490000000000011
