,User,Compound
0,@BBC,0.173069
1,@CBS,0.3335879999999999
2,@CNN,-0.03079300000000002
3,@FoxNews,0.10703200000000003
4,@nytimes,-0.003128000000000013
